Group,-30,-20,-10,0,10,20,30,40,50,60,70,80,90,100,110,120,130,140,150,160,170,180,190s,200s,210s,220,230,240,250,260,270,280,290,300,310,320
Control,0.87713877,0.892691755,0.980959937,0.111860202,0.155188002,0.177027224,0.20224353,0.233747586,0.244453482,0.260803143,0.3042607,0.341298288,0.337181602,0.360641971,0.35037827,0.346008708,0.372497016,0.42132898,0.422840751,0.449214614,0.476711149,0.476970884,0.452780016,0.482636064,0.512332163,0.47907471,0.542623788,0.456530696,0.557661004,0.567061144,0.528351824,0.549605324,0.558416752,0.55357015,0.555267062,0.599561632
Control,1.026080039,1.144059469,1.170346179,0.06981529,0.092034421,0.111310008,0.131535223,0.121653508,0.140855085,0.153838806,0.155320065,0.174382077,0.186057977,0.190100272,0.183689718,0.191313218,0.191261374,0.192603578,0.200302326,0.189114247,0.222594181,0.233208295,0.224993405,0.21277933,0.211160148,0.221290942,0.221531334,0.241854394,0.267624815,0.271817795,0.298708831,0.306072415,0.271570279,0.266545394,0.274610776,0.278210163
Control,2.433194637,2.404646137,2.255730858,0.118131313,0.22726817,0.257448584,0.308761969,0.388461164,0.425256264,0.471290118,0.534233094,0.581015516,0.596069353,0.612051364,0.718543198,0.728934442,0.734814815,0.7268115,0.733781919,0.829804701,0.82055066,0.870379988,0.866763305,0.916422048,0.979541945,0.967692308,1.01841025,0.995508073,1.055728972,1.015470997,1.084291656,1.17804971,1.164247234,1.150225993,1.182724793,1.194108732
Control,0.733555186,0.740535575,0.749718893,0.0344353,0.048341655,0.047648796,0.074035026,0.071578883,0.087129664,0.076782878,0.09230221,0.092202678,0.101398782,0.105203128,0.126675365,0.129712847,0.132828692,0.144438961,0.132061069,0.143089148,0.148024792,0.13598071,0.161240212,0.139103035,0.165744535,0.172963117,0.181032112,0.160180714,0.193187469,0.179895137,0.176886573,0.228822128,0.216483138,0.204064072,0.219082356,0.202264639
Control,0.67957616,0.727208658,0.709788427,0.171340988,0.19224594,0.181660726,0.193781274,0.200554785,0.220587864,0.247912088,0.24992,0.250478367,0.258038502,0.265620119,0.242038217,0.306552663,0.294773392,0.316119859,0.276375518,0.295439931,0.326983778,0.300899252,0.288983811,0.337521402,0.326008113,0.319162487,0.304099623,0.328193014,0.311503402,0.315835815,0.29590064,0.328339509,0.348816223,0.393039312,0.376343024,0.368658553
Control,0.891277366,0.900201453,0.960473883,0.115605807,0.162401853,0.160599199,0.161657443,0.172046835,0.188410211,0.183696214,0.203002222,0.241582613,0.210527723,0.237223494,0.232362886,0.235356643,0.252000442,0.266255654,0.250523265,0.275661941,0.270092227,0.292272002,0.273499352,0.304117148,0.285472692,0.309343629,0.308419524,0.326946071,0.315625908,0.306058222,0.325972441,0.372772137,0.341211401,0.34952335,0.366207108,0.34347286
Control,0.652668703,0.668005697,0.682666569,0.032927106,0.051531338,0.068248668,0.078977446,0.08012451,0.08523804,0.098489591,0.0984207,0.108850067,0.110839415,0.114258434,0.117291559,0.117991435,0.127022074,0.142071569,0.134929057,0.152258535,0.139083932,0.149482639,0.139911282,0.157236328,0.151828903,0.164566694,0.16002999,0.168208968,0.171414209,0.167834809,0.185434873,0.175288317,0.179453672,0.192927936,0.171530069,0.184654796
Control,0.988549956,1.103979088,1.086888531,0.033026373,0.058038626,0.085455124,0.071063133,0.087232603,0.089145149,0.105412256,0.124986607,0.110190476,0.137200059,0.145613521,0.155434514,0.126778283,0.148195876,0.166450373,0.163946156,0.175911854,0.197904486,0.177912917,0.231856195,0.216381418,0.215459025,0.256199152,0.254075949,0.28815416,0.264074351,0.275889886,0.26085717,0.263006184,0.289808756,0.270146117,0.299940178,0.261845968
Control,1.064341551,1.129521587,1.00220022,0.022633745,0.075497598,0.122487437,0.145584726,0.173253925,0.132724342,0.1925,0.191552063,0.20480226,0.197309417,0.189263973,0.216201717,0.226698737,0.232794734,0.241990847,0.210493047,0.213768116,0.281847134,0.3158388,0.333012512,0.376518219,0.39486755,0.398734177,0.31002331,0.20585162,0.303491495,0.214611872,0.239467849,0.243963364,0.305220884,0.252823632,0.259541985,0.214412811
Control,0.936519629,0.92491053,0.882416258,0.031855703,0.041089875,0.050704225,0.062648846,0.06142689,0.062051148,0.071421712,0.078109465,0.071038654,0.083229257,0.077970267,0.092178087,0.095927076,0.09060246,0.105535255,0.107844409,0.106120447,0.108202634,0.107922992,0.122712392,0.121128718,0.132162586,0.132888889,0.135485659,0.143509924,0.140518839,0.144836678,0.155635166,0.145469901,0.142698655,0.154178257,0.159964408,0.155869789
Control,0.901646355,0.994141909,0.91223967,0.039129914,0.075844693,0.092256581,0.094448498,0.138510101,0.115272054,0.144904936,0.134417914,0.123495615,0.127876184,0.161919223,0.167793639,0.178260601,0.168293817,0.16801406,0.174945613,0.174673859,0.196809475,0.202605823,0.222333188,0.208111404,0.182280012,0.209468058,0.253596383,0.250454209,0.23519392,0.176138627,0.235687628,0.255603023,0.26953097,0.27077748,0.2834738,0.275377202
Control,0.85874733,0.760607215,0.863845832,0.056198218,0.090834135,0.105041437,0.120023945,0.099324475,0.11965812,0.136589626,0.166450987,0.150092285,0.143077646,0.152929369,0.127198827,0.162303665,0.179557021,0.121286592,0.170533229,0.200835931,0.172286653,0.197094218,0.205709367,0.181020255,0.193476348,0.198862848,0.192329999,0.199275887,0.167862782,0.206974374,0.206222757,0.186833369,0.25341951,0.209424455,0.214417745,0.241332834
Control,0.796801432,0.85154204,0.838424943,0.040449115,0.045742817,0.055558846,0.068418546,0.070973967,0.075734948,0.087307808,0.065297225,0.081785685,0.081126097,0.092750026,0.080944972,0.103345135,0.101333761,0.101349313,0.092432241,0.103818259,0.103709687,0.116480487,0.10737403,0.108462758,0.101274702,0.101062392,0.103992729,0.110470385,0.102177285,0.102203269,0.108435496,0.129645725,0.120382352,0.129263087,0.132232449,0.135105795
Control,0.98212573,0.988603118,0.95184688,0.02158696,0.036652025,0.05524632,0.065113057,0.075216828,0.067979606,0.063144452,0.0809609,0.096204896,0.095971448,0.126194226,0.109755502,0.114175479,0.111364312,0.104082571,0.099796637,0.112849668,0.118257261,0.151238455,0.135349058,0.136677242,0.135996145,0.144762925,0.13914667,0.144099109,0.145308281,0.181078391,0.160146976,0.161945484,0.180470163,0.14188323,0.153393174,0.150764968
Control,0.751267312,0.746097076,0.750082813,0.01095741,0.023544657,0.030386115,0.039785358,0.039869917,0.045463907,0.043611284,0.055150695,0.0593382,0.059252876,0.048541954,0.05814254,0.047006524,0.068780268,0.075373036,0.065730951,0.064737075,0.072248113,0.075036075,0.075649011,0.066429193,0.07705838,0.077886605,0.08950508,0.093319532,0.086254562,0.090830567,0.091285961,0.101010691,0.090243425,0.084005164,0.102173084,0.101144876
Control,0.746575944,0.723793132,0.775124258,0.019588682,0.043196544,0.043808672,0.041618671,0.047235394,0.064003396,0.057021701,0.063455214,0.066723504,0.077123528,0.096695465,0.078848748,0.0905385,0.059623691,0.077893092,0.088358459,0.112473264,0.098828477,0.104251386,0.079650619,0.068018018,0.093263708,0.085581167,0.083556108,0.096916786,0.108087821,0.059355115,0.081075003,0.063967806,0.024653897,0.096238426,0.088930088,0.078012496
Control,0.434783664,0.431189522,0.427926355,0.019384716,0.021705392,0.026063644,0.02865832,0.040150155,0.036097763,0.035363599,0.033715013,0.052983123,0.044979805,0.043932258,0.054521883,0.05522021,0.058019654,0.059015576,0.073723858,0.069473363,0.078820456,0.07496297,0.069010417,0.074145695,0.086282048,0.08351302,0.084400719,0.089024559,0.092913822,0.092871923,0.081839197,0.088925648,0.104490975,0.101866762,0.101475228,0.09051492
Control,0.970843846,0.946878164,1.020626226,0.08115942,0.123722685,0.114954291,0.116424408,0.148066623,0.174335622,0.149777901,0.122278535,0.149476528,0.148755393,0.159033789,0.181121751,0.164842411,0.173488439,0.1970388,0.180061678,0.202044695,0.177872278,0.217482282,0.238909161,0.266736256,0.225943612,0.194161667,0.249421445,0.224790053,0.242224565,0.261667225,0.190557344,0.263661017,0.248239437,0.248264598,0.301315978,0.252871982
Control,0.977784442,1.026782609,1.097283299,0.251325088,0.273701125,0.321924713,0.318334072,0.320283064,0.31972773,0.33585144,0.336486012,0.347880061,0.356059505,0.373433339,0.367435904,0.381538094,0.394366197,0.394926183,0.403667676,0.42280007,0.40245872,0.457712073,0.427982063,0.433887265,0.436578835,0.442960604,0.455971331,0.463789005,0.483317899,0.504398434,0.512910056,0.565424442,0.537628758,0.512819093,0.497202151,0.571452218
Control,1.239749324,1.253662488,1.293948324,0.309926291,0.315105753,0.322254366,0.359247912,0.351170425,0.43335964,0.425513719,0.456172363,0.407614608,0.475346159,0.446801278,0.455545393,0.482358706,0.433257768,0.482890085,0.506638356,0.460628449,0.490901387,0.505489937,0.514078784,0.538925785,0.541665647,0.471331767,0.505760178,0.557736544,0.576152472,0.592286302,0.507944093,0.505099494,0.532512665,0.516855514,0.601240491,0.542357606
Control,1.017131095,1.00860934,1.026562961,0.162139432,0.187907391,0.211973534,0.221604364,0.243878043,0.256337113,0.242741736,0.27269783,0.274888103,0.248882318,0.286995353,0.304508767,0.284584626,0.285578339,0.301965359,0.312841891,0.310922084,0.337252349,0.336523864,0.326377035,0.353731671,0.34075796,0.354261196,0.346915234,0.352700792,0.36560977,0.385823554,0.332767338,0.312032473,0.318507527,0.338478686,0.334793047,0.368861094
Control,0.883193049,0.889116343,0.89728749,0.158403292,0.192716564,0.204518519,0.227685269,0.21450962,0.240044755,0.237915544,0.249013176,0.265498678,0.268668279,0.28757254,0.3141562,0.314551422,0.307853155,0.321317001,0.306793163,0.320931096,0.338255007,0.322834489,0.346234072,0.401244168,0.38166231,0.352296841,0.345156586,0.335254376,0.356680185,0.363754812,0.360646059,0.343813267,0.36607825,0.384522221,0.414593119,0.444080304
Control,0.905397544,0.936383911,0.903173758,0.177836949,0.204285714,0.21125232,0.218337428,0.224872873,0.229534738,0.251005808,0.240985048,0.274190234,0.294745265,0.287454037,0.298949454,0.292299716,0.316927806,0.302783692,0.318180392,0.322465128,0.329727268,0.333416983,0.339343075,0.335535689,0.345570379,0.33287308,0.335507819,0.347304444,0.357321034,0.37063431,0.381360098,0.381241185,0.390624496,0.366275576,0.366963542,0.373521082
Control,0.995699313,0.997508473,1.038075005,0.195720241,0.216360381,0.227384172,0.25544006,0.263830167,0.270865998,0.27805786,0.285026358,0.293564266,0.292347737,0.305851113,0.321344383,0.30661197,0.323956092,0.325493885,0.357871832,0.36729533,0.354497254,0.371440243,0.357390518,0.371956243,0.373445065,0.367381586,0.364243579,0.369895376,0.383188383,0.388615866,0.408000757,0.417567647,0.415868072,0.425059065,0.410520045,0.436481375
Control,0.918661364,0.99023557,1.055646398,0.23329152,0.250290009,0.230371172,0.254610594,0.276646151,0.252874612,0.270680764,0.296881446,0.309377241,0.289009277,0.311265388,0.296745892,0.318467723,0.308521173,0.340646597,0.321216174,0.321668848,0.336060549,0.321123263,0.325544527,0.316870301,0.340904762,0.362461844,0.365546524,0.360635845,0.381464536,0.368881161,0.342039374,0.342976744,0.359695496,0.370686439,0.396288236,0.3828878
Control,1.13501396,1.055162248,1.100262688,0.051581801,0.080913121,0.104690312,0.116185846,0.119426752,0.135681728,0.134338987,0.148835019,0.161495327,0.159003167,0.166487069,0.159806088,0.185776131,0.202775882,0.17493188,0.185091922,0.189274656,0.222798999,0.215928771,0.211579386,0.205320751,0.222427049,0.241618497,0.248958381,0.250772517,0.244956332,0.271289014,0.271277679,0.282632861,0.276187093,0.257145623,0.275462801,0.288046647
Control,0.983807284,0.965065677,0.942488665,0.082081945,0.127778316,0.163933468,0.154719824,0.182206378,0.185102736,0.21782877,0.222937345,0.22995408,0.242602745,0.243956335,0.251105708,0.251262932,0.278107398,0.278910925,0.293706157,0.309128672,0.312304665,0.325141886,0.326429675,0.343413074,0.343138237,0.356762767,0.378100177,0.364508728,0.377278764,0.357954134,0.360955344,0.36690805,0.429307733,0.404920188,0.396198292,0.365670803
Control,0.792124133,0.819421726,0.802058591,0.0514789,0.10296729,0.121053787,0.162586024,0.196885428,0.215773672,0.239855991,0.254938325,0.275974026,0.283437832,0.311296615,0.32523728,0.351020578,0.378810784,0.38218112,0.410820632,0.407523511,0.432225115,0.452769879,0.428339531,0.452893023,0.534035432,0.457616223,0.484665177,0.480579413,0.501471305,0.500136824,0.505554769,0.540863177,0.555325439,0.565651675,0.558789101,0.569668412
Control,1.093350879,1.087862804,1.11951811,0.066689386,0.132106683,0.17751525,0.207845122,0.201087789,0.251488777,0.258949609,0.290813786,0.321915669,0.335377193,0.350429991,0.346617074,0.35438546,0.359630769,0.399860049,0.396776745,0.420302115,0.45933049,0.458486817,0.472776165,0.488942035,0.497704493,0.499303966,0.537503663,0.504525423,0.551913498,0.59373865,0.591647441,0.610791437,0.577116513,0.606421531,0.629757458,0.659409203
Control,0.962465973,0.965457094,0.961893468,0.085184293,0.1584834,0.187916887,0.200361965,0.247872443,0.257555573,0.25779599,0.275146551,0.30486042,0.314461965,0.343049112,0.334905736,0.345537317,0.405507368,0.397650792,0.378563725,0.401002466,0.396801976,0.415636,0.446223403,0.434689336,0.472919569,0.469623182,0.462655131,0.474351734,0.47338357,0.485322708,0.474444086,0.518613919,0.480822269,0.498875787,0.467356111,0.503774199
Control,0.997309909,0.977520414,0.983065895,0.091912619,0.173584225,0.205925806,0.26544895,0.271738241,0.304437979,0.282705317,0.304106566,0.336614937,0.335643002,0.364377259,0.390004258,0.398571522,0.365906552,0.377616869,0.392443693,0.419315621,0.427098451,0.409930168,0.416493462,0.439399439,0.440763349,0.447877781,0.452519049,0.447708055,0.449411458,0.459699386,0.451350074,0.471343155,0.47894141,0.467159506,0.468391455,0.499213398
Control,0.816284366,0.842686728,0.825684937,0.063388977,0.120649842,0.132326806,0.153770119,0.17376865,0.18171188,0.18429137,0.18605219,0.205989907,0.211534337,0.211726172,0.225354883,0.232405354,0.23824585,0.236766869,0.254706552,0.243245451,0.260195517,0.249894023,0.257349208,0.265196663,0.261401938,0.25901098,0.268965744,0.269146967,0.26741273,0.290222598,0.274665876,0.269280574,0.271020637,0.273022752,0.288279127,0.308855615
Control,0.874031487,0.862542563,0.869567192,0.157289422,0.191656233,0.203340088,0.197719493,0.222977868,0.212108442,0.222748271,0.235997557,0.244952302,0.247437876,0.260855835,0.254018069,0.25966813,0.270368685,0.281003787,0.273573635,0.29296757,0.311315228,0.30869836,0.324484123,0.313796171,0.29630792,0.312109687,0.305959169,0.309354628,0.324662009,0.333991398,0.334304593,0.322764557,0.345827372,0.345964487,0.344771432,0.332873638
Control,0.931667809,0.940813989,0.928965741,0.320660591,0.347399142,0.336717076,0.367532807,0.384844995,0.394146436,0.388348411,0.376943984,0.380664113,0.388662414,0.413116228,0.406484319,0.39584211,0.417072463,0.415943871,0.433939045,0.421538908,0.431636469,0.43018584,0.45432832,0.452629032,0.459555769,0.460644421,0.479908691,0.473204141,0.459221279,0.481043797,0.461700384,0.491377784,0.522375425,0.499791553,0.539409944,0.509235802
Control,0.738058773,0.74740806,0.766884006,0.140980538,0.176564828,0.194368785,0.211409987,0.202859438,0.220697849,0.208733004,0.234452527,0.24603315,0.247204569,0.241808019,0.267565219,0.270839436,0.27405786,0.265549155,0.285993625,0.295148291,0.295396315,0.302314573,0.306309788,0.30219326,0.316192632,0.319652569,0.316022281,0.320313771,0.32208727,0.317532298,0.309040171,0.322567026,0.329316293,0.330723975,0.328135482,0.3467344
Control,0.726616371,0.713138963,0.753574555,0.085789375,0.122423899,0.186062181,0.198802499,0.205455707,0.239341746,0.211821034,0.27429968,0.248975153,0.31988288,0.335160463,0.359185822,0.333907353,0.331557923,0.37593985,0.364257977,0.38293747,0.399788944,0.376332168,0.427351858,0.438721137,0.449135126,0.541491822,0.504331797,0.509402895,0.476210562,0.554729102,0.62843729,0.646757193,0.642504119,0.657557012,0.589339961,0.660119556
Control,1.074156074,1.119010701,1.054801816,0.045409489,0.092262073,0.117994262,0.151695369,0.160029259,0.188842622,0.212848047,0.215432698,0.237011381,0.262928037,0.280552929,0.276791781,0.318607127,0.316900042,0.33323032,0.345743929,0.364053083,0.396934844,0.40518171,0.413827828,0.435398492,0.431601756,0.428632662,0.463125054,0.464531223,0.484714484,0.486658347,0.456925135,0.485255542,0.518136111,0.54036056,0.567921542,0.556411819
Control,0.914042459,1.006800449,1.056077248,0.035138091,0.09799029,0.12926011,0.138138691,0.135550573,0.161941009,0.193007949,0.1754015,0.204852814,0.235818319,0.243798281,0.270902912,0.250771412,0.260888976,0.285734235,0.281012658,0.314249152,0.336684965,0.338526836,0.32625047,0.325219535,0.3408744,0.371863601,0.3727839,0.373239832,0.354437449,0.352562151,0.391753622,0.416793292,0.451124246,0.445792681,0.464852098,0.446156461
Control,1.155095256,1.027744124,1.087388042,0.075541875,0.141249227,0.174309665,0.204553938,0.225758879,0.238874097,0.273077417,0.259120907,0.295682731,0.291125,0.293802887,0.300494438,0.312577371,0.333161157,0.341062923,0.376720257,0.383100052,0.383472609,0.397859659,0.389493914,0.384087081,0.398674119,0.419704691,0.418582376,0.414903526,0.445622621,0.432667359,0.44971537,0.450463772,0.439122291,0.441239892,0.469132408,0.441854305
Control,0.921742475,0.932484202,0.924371236,0.070313129,0.105020586,0.146103108,0.159416435,0.168000495,0.174274778,0.192237646,0.201827482,0.219587671,0.206423703,0.237147985,0.237884364,0.252885035,0.236113613,0.276493787,0.281360783,0.274026216,0.289476452,0.275731333,0.281321377,0.311189116,0.295791533,0.309693921,0.320563216,0.317671137,0.316709367,0.325325477,0.329733431,0.319837972,0.343543634,0.323922446,0.354019901,0.349394395
Control,0.912173747,0.921156299,0.906848784,0.065566795,0.104378104,0.126817768,0.130248337,0.155025587,0.16164645,0.172713882,0.186634133,0.189071265,0.196314134,0.206094848,0.195806458,0.207499606,0.228315929,0.218129704,0.24073889,0.257357718,0.250666451,0.275383112,0.259163676,0.265623729,0.267937721,0.268217857,0.272965773,0.288414508,0.2801026,0.296353811,0.302456291,0.306709536,0.309674703,0.293418336,0.312870066,0.314302192
Control,0.897351684,0.897351684,0.897351684,0.061566569,0.089835917,0.106998146,0.12916652,0.138750314,0.14710284,0.156204121,0.172795544,0.173677307,0.175639986,0.178305175,0.204033194,0.191894683,0.189911028,0.20511532,0.212035386,0.222617526,0.213946474,0.213203739,0.23176177,0.241613036,0.243958851,0.238526277,0.247115515,0.238088797,0.239049004,0.244678162,0.260564455,0.25980135,0.259467476,0.257761721,0.265797969,0.274215482
Control,0.882147852,0.862634382,0.83007931,0.049528302,0.088514763,0.121268378,0.122548913,0.137817657,0.14524569,0.155430793,0.164989201,0.168577764,0.181162667,0.19340739,0.206215457,0.207044444,0.2231347,0.239698106,0.236396942,0.231125917,0.250613381,0.252045124,0.237795524,0.247748162,0.25459892,0.244778406,0.245707193,0.253791298,0.266040506,0.272245988,0.267815469,0.27434194,0.291768447,0.308861296,0.294799038,0.296876089
Control,0.940017418,0.940017418,0.940017418,0.104753627,0.180792332,0.244495203,0.264048808,0.291051867,0.348993289,0.397062929,0.40919469,0.445721683,0.415087789,0.436493299,0.476620359,0.538588507,0.497584893,0.514462177,0.543270929,0.576098082,0.560390498,0.571921514,0.635062255,0.620543794,0.648733581,0.63057033,0.632116416,0.703590132,0.661500676,0.663824424,0.692031546,0.701782528,0.655425954,0.71859511,0.715561997,0.7042251
Control,0.85701677,0.85701677,0.85701677,0.087798064,0.179758308,0.192356813,0.238296617,0.268770085,0.289086687,0.274588953,0.335164306,0.317145985,0.314045641,0.387213984,0.410481642,0.426302971,0.384593546,0.406035141,0.423771121,0.437779257,0.461636453,0.454536661,0.423688918,0.445480226,0.481027325,0.470691505,0.475196583,0.474309034,0.47689707,0.476724463,0.497145488,0.517306245,0.572408608,0.545633988,0.534163835,0.554088227
Mutant,0.917181243,0.936032505,0.936000905,0.244248886,0.232231227,0.263617371,0.283912983,0.280474275,0.279949513,0.276731769,0.303167895,0.322755031,0.327611752,0.286726647,0.341083898,0.330444665,0.297774471,0.262418149,0.316613999,0.357458398,0.349154469,0.379635826,0.342408444,0.39265851,0.36784993,0.367169976,0.387650027,0.366924015,0.389295272,0.356517703,0.377032486,0.386103688,0.381245301,0.411020317,0.37592828,0.424620427
Mutant,1.963275383,1.93145424,1.950214413,0.145856134,0.19037516,0.221112423,0.240544191,0.299976643,0.311727005,0.299863528,0.35665855,0.359723443,0.408218393,0.415710288,0.436797368,0.446951075,0.448416752,0.448486289,0.448486289,0.510520031,0.527633951,0.543924372,0.528127655,0.551438435,0.565174988,0.546303268,0.526353248,0.531757593,0.581231975,0.52639845,0.502333242,0.502333242,0.502333242,0.502333242,0.502333242,0.502333242
Mutant,1.16872858,1.16872858,1.16872858,0.062040461,0.079497371,0.100115617,0.117675978,0.117242248,0.139615904,0.142572325,0.158270858,0.1657641,0.160142349,0.173717372,0.168598931,0.166763406,0.199740416,0.213157414,0.188928459,0.217221749,0.215233533,0.219248371,0.220959652,0.223219657,0.234052132,0.226093023,0.226029277,0.23666015,0.23108982,0.26461568,0.246452543,0.240406607,0.225722724,0.280699307,0.265602647,0.285056937
Mutant,0.757836809,0.740958724,0.727955022,0.031068356,0.039491837,0.065353337,0.08683081,0.069044368,0.092698959,0.109655558,0.110534846,0.116817689,0.124878286,0.141344646,0.13692885,0.166231051,0.165,0.166496462,0.146914653,0.20853565,0.153889137,0.149307021,0.142101285,0.176329525,0.169682776,0.126284732,0.142760647,0.145931361,0.160463592,0.15579136,0.125818751,0.146562123,0.156332964,0.129750401,0.119518211,0.147149221
Mutant,0.70652915,0.70652915,0.70652915,0.02110487,0.040257411,0.05659781,0.048089132,0.06465407,0.067212297,0.076635823,0.077678277,0.084076055,0.090759408,0.084816002,0.08839779,0.100221505,0.094082372,0.102469978,0.10912267,0.113383007,0.114648221,0.122596108,0.120438437,0.126939783,0.142868069,0.132612967,0.133715049,0.142029266,0.142230361,0.143514453,0.144164715,0.15489518,0.148412538,0.160336621,0.159027226,0.155440517
Mutant,1.008747664,1.006008096,1.018112017,0.02370198,0.048579772,0.090257324,0.081972797,0.080918234,0.09111106,0.092824735,0.108975075,0.111313155,0.118800407,0.112415636,0.120000978,0.121333176,0.128791872,0.131226513,0.152270131,0.142714973,0.152619824,0.16187936,0.162923497,0.150119776,0.163525788,0.160806413,0.17782226,0.167838103,0.182888477,0.195839178,0.218801838,0.194398772,0.212563177,0.201888122,0.207751226,0.21411613
Mutant,1.02376559,0.969932868,1.025546961,0.027697715,0.048448682,0.05203925,0.061605548,0.063642834,0.060853607,0.069536273,0.093809606,0.082034739,0.080000979,0.089040929,0.094403104,0.095278351,0.096304839,0.097115966,0.109510158,0.11812677,0.122110882,0.124923407,0.116351531,0.115792142,0.131776973,0.138673557,0.108283167,0.144471128,0.163539823,0.1607398,0.134631576,0.146211225,0.143735054,0.155241936,0.157820573,0.153445249
Mutant,0.976878981,1.01244396,1.006804011,0.002718892,0.025270147,0.03175755,0.041805036,0.051149232,0.067429839,0.072910453,0.074185145,0.076121988,0.080161576,0.091554543,0.085796824,0.089054932,0.0963031,0.103676301,0.090320131,0.100311256,0.113156396,0.112204815,0.112012395,0.105172136,0.107967464,0.106515756,0.108160791,0.105987879,0.11936146,0.12257205,0.106973245,0.10289902,0.118615359,0.126142509,0.126236739,0.14555051
Mutant,0.950004873,0.950004873,0.950004873,0.007723054,0.027395833,0.055796473,0.057964985,0.05910454,0.076406322,0.076769544,0.084114746,0.071543521,0.093033739,0.110970291,0.118668647,0.126762131,0.132850332,0.129518749,0.120327758,0.146537031,0.143413343,0.151611386,0.166593947,0.172366847,0.164328257,0.179762713,0.179581899,0.175731186,0.194630588,0.215544088,0.221270803,0.204177713,0.207986096,0.198137655,0.213083533,0.219329462
Mutant,0.906286877,0.87534409,0.860205106,0.15236417,0.206299682,0.224303203,0.228152737,0.228099141,0.28592232,0.262346874,0.290904354,0.252101177,0.299151273,0.306484998,0.309874776,0.335691025,0.349657541,0.326346703,0.37391834,0.351768935,0.34124847,0.357122455,0.377151929,0.392469348,0.411613826,0.417627782,0.400942682,0.428705086,0.432177636,0.474993192,0.450607431,0.44702394,0.478638298,0.493767495,0.493351378,0.470124181
Mutant,0.893804205,0.933330654,0.887806717,0.135974695,0.172077144,0.188649962,0.212784119,0.225512206,0.225317761,0.250954081,0.259286761,0.269048445,0.257465441,0.295666517,0.284380737,0.294146825,0.286046695,0.303333333,0.310382055,0.311265625,0.324774394,0.334372208,0.339983104,0.319165541,0.332526622,0.35380984,0.337147126,0.339504619,0.350131556,0.349037622,0.349396654,0.375378781,0.385189735,0.386292231,0.376800342,0.387611495
Mutant,0.765480236,0.73198747,0.884985949,0.105513785,0.128743001,0.189769108,0.186707294,0.150550529,0.194344596,0.181610508,0.203760733,0.198745472,0.174404388,0.180894243,0.204727347,0.202140425,0.261760898,0.247486541,0.218518519,0.221748202,0.254695343,0.23974601,0.243397624,0.202362542,0.239602796,0.252,0.235148674,0.250589038,0.259065243,0.251896468,0.260974546,0.283209386,0.284786707,0.267547259,0.311862967,0.225005649
Mutant,0.992251929,1.001345012,0.983154545,0.117377213,0.177428027,0.187119319,0.19890714,0.21454865,0.230401358,0.233722068,0.246918033,0.257173601,0.255107923,0.256159254,0.283860635,0.267341509,0.270950975,0.278203124,0.296842995,0.259271956,0.286992957,0.300503389,0.301659397,0.315056993,0.322584848,0.332921777,0.360865689,0.331857764,0.342946901,0.346742321,0.323899167,0.339539691,0.360228871,0.38281767,0.39520262,0.363470364
Mutant,0.63005947,0.604205054,0.58272779,0.081452621,0.076672879,0.083902542,0.103843512,0.113430443,0.102684999,0.104051234,0.131117671,0.139988607,0.159277563,0.140222876,0.139524543,0.136100586,0.165604178,0.173369791,0.164533068,0.145823943,0.148950292,0.187912009,0.189680883,0.185217235,0.172486489,0.182441311,0.182693998,0.183419214,0.18066377,0.172222034,0.206539267,0.209639415,0.222322859,0.200946596,0.201381705,0.19405143
Mutant,1.436645237,1.426005083,1.41684507,0.045158145,0.028084811,0.106922126,0.120863035,0.138661339,0.186314363,0.176352982,0.208912377,0.219085752,0.252255865,0.258498682,0.259488315,0.29821695,0.234700996,0.271703157,0.298744713,0.292150696,0.334988963,0.351779499,0.375921735,0.369839994,0.34568682,0.460137378,0.4172155,0.436184812,0.446245983,0.459691252,0.435064935,0.475144335,0.437726208,0.462034703,0.464361666,0.441436539
Mutant,1.374183785,1.327283727,1.336346101,0.039059634,0.075768036,0.089802965,0.108292114,0.117933971,0.128560932,0.147815595,0.155877244,0.156403976,0.182377575,0.179112825,0.184627993,0.194300138,0.212094786,0.20085255,0.227968605,0.225327117,0.234850996,0.234342303,0.260357043,0.26373592,0.260140651,0.295833602,0.293238095,0.287007318,0.300694309,0.358575708,0.383315609,0.380277629,0.374781371,0.407987115,0.391513309,0.391513309
Mutant,0.933236513,0.934380258,1.039371811,0.040493488,0.054116721,0.084032523,0.090863285,0.112161931,0.127935643,0.136228721,0.138522201,0.144201414,0.166826129,0.165813845,0.182141271,0.186604153,0.180787361,0.197781409,0.208521347,0.213622157,0.204316972,0.216000326,0.232566874,0.253389079,0.246962407,0.240696721,0.251058756,0.257370222,0.26440818,0.277516975,0.292125036,0.267481411,0.299887577,0.295917555,0.301093117,0.290093502
Mutant,0.88295382,0.89126958,0.875393199,0.04051416,0.080835157,0.090902304,0.119969289,0.129772122,0.137195638,0.161651197,0.170981394,0.172847964,0.175950548,0.190310667,0.208757537,0.213127622,0.228477462,0.225598795,0.244924868,0.250748823,0.247318352,0.274284756,0.260691171,0.28943827,0.291112886,0.289456549,0.311135077,0.310815074,0.325468359,0.315424948,0.32792192,0.326320654,0.336052046,0.332045306,0.345549988,0.333874899
Mutant,0.719072853,0.683590607,0.703006742,0.027592769,0.059061114,0.073475668,0.081994602,0.101414835,0.128995385,0.141714715,0.153181971,0.143015071,0.160142891,0.149634302,0.162766053,0.171683903,0.187701969,0.178321069,0.200300451,0.193377514,0.195247794,0.217323017,0.212065477,0.215981984,0.218990121,0.222780722,0.237143322,0.235313135,0.235901357,0.233109137,0.230075223,0.238457831,0.240915855,0.250764894,0.265603485,0.257849939
Mutant,0.761810759,0.769692356,0.784720352,0.026250596,0.060537807,0.082213813,0.09585003,0.1110093,0.152073949,0.149482542,0.120940453,0.160273726,0.182662671,0.179527422,0.193362453,0.170028446,0.208707853,0.207262448,0.221104021,0.255211141,0.265943878,0.28493617,0.281185121,0.288598984,0.27107515,0.274216172,0.260319252,0.296185116,0.322298695,0.306136483,0.321330117,0.348087314,0.347928538,0.347766145,0.333616047,0.321585351
Mutant,0.982643252,1.025926473,1.025013761,0.042132277,0.063815387,0.083419056,0.106068473,0.13960023,0.146960252,0.14,0.15824386,0.155453712,0.186944754,0.186568107,0.196999708,0.229923325,0.239670236,0.225050631,0.228568701,0.263787064,0.273962424,0.260618085,0.261444897,0.271336059,0.309914187,0.259062112,0.327490295,0.324992508,0.29638947,0.338464971,0.346533599,0.329092859,0.356329464,0.322397853,0.320705882,0.341169663
Mutant,1.080345756,1.138381046,1.117412481,0.048292071,0.094209515,0.10532486,0.122963575,0.135027102,0.14976747,0.175799017,0.175830055,0.20848652,0.200378436,0.221023749,0.249341894,0.228683879,0.238779509,0.250954019,0.268789278,0.284020786,0.285750815,0.318127538,0.299127343,0.295381655,0.34980023,0.321146373,0.302855078,0.351188495,0.344299435,0.318552064,0.336128904,0.378036086,0.360696846,0.403816769,0.360303572,0.374505929
Mutant,0.927571429,0.927571429,0.927571429,0.036089401,0.069308002,0.099565206,0.11703571,0.131497483,0.131420808,0.153766496,0.160655394,0.182488882,0.178449906,0.200614099,0.214260349,0.235344266,0.233192159,0.230301952,0.249148863,0.263284088,0.269628199,0.262983503,0.298017687,0.302972772,0.303220663,0.33000337,0.319201345,0.327866501,0.352997464,0.355758537,0.373455219,0.373969239,0.356717677,0.359109276,0.345840951,0.394705423
Mutant,1.00136825,1.00136825,1.00136825,0.087055693,0.137791742,0.208374909,0.221992098,0.254988207,0.26281272,0.308386665,0.310782718,0.340690183,0.348246597,0.390262876,0.401403754,0.420258484,0.429418705,0.415623603,0.452734094,0.4678518,0.45286787,0.498313161,0.509266372,0.526366939,0.542901941,0.556327456,0.561744924,0.59422257,0.594571752,0.58656002,0.598223699,0.64283075,0.669536489,0.654282147,0.650124386,0.664677593
Mutant,1.486440243,1.486440243,1.486440243,0.043424114,0.095878341,0.134914402,0.168099274,0.187286897,0.243722062,0.276304559,0.356403233,0.376185713,0.345708724,0.365203423,0.311450249,0.35127277,0.419819187,0.416478996,0.473424293,0.491852355,0.504361618,0.525963031,0.578792243,0.610939831,0.58688,0.698682943,0.623153586,0.666697969,0.752013256,0.597480504,0.591914177,0.608963754,0.662778626,0.694107611,0.72816773,0.743063754
MutJP,0.708434948,0.741292664,0.738704503,0.082608868,0.118214244,0.139119729,0.141933172,0.171765616,0.178705889,0.189234487,0.202572472,0.199038352,0.204811494,0.206571243,0.210724621,0.220228448,0.2299128,0.227942299,0.226460231,0.23459256,0.240369228,0.235367853,0.244992799,0.247726578,0.230819777,0.248183474,0.262619294,0.259420149,0.257042321,0.259818614,0.267355616,0.267612412,0.260181836,0.2564191,0.267224113,0.275152166
MutJP,0.969007607,0.937452642,0.933420235,0.10095064,0.140599818,0.163205803,0.165945166,0.170259191,0.18850876,0.165065029,0.260117966,0.284733207,0.282980278,0.313787929,0.314259225,0.336142151,0.347091793,0.370214822,0.363067855,0.391500904,0.395184187,0.394523471,0.41433943,0.42759691,0.421328607,0.422354068,0.423184558,0.443191581,0.422176486,0.448328608,0.449428582,0.458368438,0.443649503,0.459519942,0.442653419,0.431897472
MutJP,0.82064719,0.756843262,0.71350043,0.049960588,0.076818224,0.086728173,0.086777525,0.104360241,0.113378308,0.119859996,0.136345824,0.124491359,0.121464336,0.128144143,0.122023607,0.127879927,0.140896511,0.143681877,0.12889531,0.140780044,0.152313523,0.15320911,0.137977859,0.141799986,0.142340703,0.154297981,0.152754552,0.146047679,0.14438713,0.136038969,0.150391136,0.143323011,0.158348303,0.15781508,0.171312971,0.160792043
MutJP,1.598791771,1.643042884,1.697854192,0.086115445,0.146147519,0.189618892,0.18824207,0.238544962,0.259711032,0.265906891,0.303466164,0.301267391,0.283243497,0.333238461,0.319063794,0.341910222,0.358812824,0.361290911,0.373517694,0.377871741,0.377034857,0.406507491,0.41387046,0.418159266,0.422312688,0.413819322,0.427470085,0.429709974,0.407678835,0.414911321,0.424891476,0.460793947,0.444439116,0.459080551,0.442468311,0.4391674
MutJP,0.651036851,0.681714055,0.679721638,0.068322981,0.094004039,0.104458262,0.118049415,0.128826599,0.147192992,0.148276318,0.160581383,0.181933809,0.205702592,0.201592669,0.199814179,0.230164323,0.242703445,0.243942748,0.244162719,0.264959228,0.251650621,0.2689852,0.253286319,0.264538166,0.271665016,0.268278578,0.277573321,0.289574959,0.306016214,0.329621442,0.318207464,0.316188557,0.316316343,0.335699293,0.359411846,0.370878519
MutJP,1.245992795,1.235354363,1.235386406,0.10588666,0.140601243,0.154791545,0.179131322,0.202622541,0.20902319,0.23173744,0.235777806,0.263911462,0.260203689,0.277598753,0.301058398,0.305691359,0.336544552,0.337590071,0.34918882,0.346999571,0.390333411,0.391680215,0.399364045,0.426167313,0.424275001,0.446419489,0.438017612,0.466257669,0.467801551,0.47462531,0.445531605,0.497139108,0.511016746,0.494807275,0.534672682,0.547685779
MutJP,0.896470464,0.822593477,0.880903219,0.059178873,0.08726969,0.106035459,0.123746007,0.132359816,0.127465101,0.129347079,0.128790387,0.146005182,0.145500481,0.153614876,0.152395217,0.152897349,0.176957796,0.184675599,0.182492373,0.17787194,0.186866838,0.189898247,0.200211356,0.210441097,0.207294642,0.235976361,0.230755223,0.210882957,0.23150027,0.225872951,0.247136185,0.249292741,0.25648141,0.254957211,0.26008651,0.249617804
MutJP,0.985020923,0.994413988,0.959491224,0.083706088,0.114060883,0.118483286,0.140334296,0.149254139,0.171252137,0.172741896,0.180323331,0.192209924,0.214900499,0.203494068,0.213605052,0.220580111,0.2374605,0.242647263,0.242392943,0.257820469,0.248204439,0.272865727,0.275204056,0.272844967,0.266345645,0.282712166,0.304137798,0.289759361,0.274161467,0.29753779,0.309034303,0.309764022,0.286930191,0.288724715,0.295525324,0.343303209
MutJP,1.307174509,1.2684899,1.222805653,0.143529651,0.192947121,0.221833356,0.243206897,0.266486179,0.295578905,0.288184438,0.330803375,0.330737088,0.329628223,0.357029441,0.359195402,0.402171693,0.386523054,0.423704316,0.442261926,0.430521896,0.445687953,0.427818793,0.451463169,0.463165822,0.450285402,0.446665601,0.460512221,0.461730422,0.476563809,0.490015756,0.517885852,0.495445959,0.476524482,0.515928672,0.498440322,0.520871953
MutJP,0.66455057,0.677743831,0.663427221,0.084674885,0.096058705,0.09933124,0.12605022,0.126766764,0.130802807,0.143025759,0.163758553,0.172235294,0.158934089,0.169059125,0.153028058,0.158267567,0.181534478,0.197942428,0.19093413,0.182383469,0.199795253,0.191959487,0.189065731,0.195227506,0.205221276,0.198001234,0.197987515,0.213083709,0.22588208,0.212361108,0.233128834,0.225788263,0.252151685,0.234418274,0.236545241,0.233562599
MutJP,1.124855143,1.160510485,1.089199801,0.165310365,0.194488327,0.235371882,0.25466256,0.266195146,0.347851574,0.314704609,0.319418158,0.325922797,0.386239894,0.395078871,0.361090165,0.371356833,0.439982936,0.400569033,0.413469388,0.470524666,0.439698493,0.446616849,0.4797426,0.491237501,0.490216632,0.51429668,0.556671231,0.562991729,0.556457423,0.544582089,0.558584715,0.578264202,0.597697828,0.588462467,0.594817768,0.585755674
MutJP,1.091343808,1.087588326,1.095099289,0.155923238,0.185617551,0.203435272,0.227819759,0.233479913,0.218822425,0.260941001,0.263714534,0.269069495,0.284605282,0.323577037,0.33057321,0.317028986,0.304985085,0.342853771,0.371634433,0.374901652,0.343402985,0.368399082,0.357499399,0.347317159,0.381809036,0.380718462,0.38302327,0.432022421,0.418927241,0.425454013,0.433102996,0.437492858,0.424582799,0.436473968,0.444032139,0.423851733
MutJP,0.870621733,0.863367694,0.877875771,0.071828746,0.120334963,0.127470379,0.134859991,0.15798409,0.17142515,0.174683603,0.19547507,0.203947677,0.225862962,0.224807882,0.242551557,0.237911257,0.266574518,0.261722663,0.290547387,0.280493262,0.274429201,0.273938365,0.305226861,0.31297186,0.335189585,0.337967378,0.325631276,0.34949038,0.338227886,0.347916929,0.349553527,0.346618853,0.340626068,0.369769983,0.37280973,0.366440013
MutJP,1.029291088,1.022932086,1.03565009,0.17313505,0.219024749,0.234883542,0.247803232,0.26685502,0.29658813,0.290873875,0.291267246,0.341264772,0.350438756,0.36878034,0.340593984,0.346429481,0.376555362,0.361513312,0.396999111,0.390969575,0.406569174,0.389501726,0.440143946,0.387940114,0.428972487,0.439570819,0.446144141,0.436306838,0.445283165,0.440576946,0.460672419,0.459854302,0.498620632,0.511195259,0.474675406,0.50174216
MutJP,0.934475049,0.966192671,0.902757426,0.083567915,0.132162867,0.162636103,0.159820552,0.183534765,0.19522545,0.209962187,0.194786207,0.213927191,0.240777155,0.237739657,0.262557011,0.294273883,0.278911372,0.274133287,0.278253729,0.297632213,0.295297526,0.299015471,0.316925484,0.317890913,0.318720857,0.326054892,0.318864629,0.320455389,0.319304428,0.34861197,0.378415752,0.340836106,0.385886464,0.390203488,0.388291735,0.412501192
MutJP,0.796246072,0.788556959,0.803935185,0.112932327,0.15655771,0.163334404,0.172017696,0.171304065,0.20202814,0.205986609,0.228679558,0.228526007,0.213792064,0.238532556,0.249079249,0.246243872,0.24112604,0.274908658,0.257764766,0.263170127,0.274978456,0.286708438,0.296223022,0.277025159,0.307385686,0.309399543,0.297476293,0.33958764,0.296421268,0.315261201,0.315071984,0.334829721,0.322018602,0.323292106,0.317448772,0.3339417
MutJP,0.784590588,0.800017832,0.769163344,0.055653315,0.080303325,0.101998184,0.114364797,0.117841765,0.138711847,0.138952532,0.156743019,0.158137816,0.159099426,0.163761968,0.159567775,0.15476362,0.158705093,0.164603649,0.165608668,0.169184896,0.17223527,0.194392675,0.184311225,0.203601901,0.205516815,0.220572115,0.184037629,0.21255641,0.208072565,0.215081793,0.188068425,0.214508128,0.206206206,0.233949977,0.196180639,0.214640068
MutJP,0.90497607,0.900882187,0.909069952,0.067415435,0.090687705,0.116337286,0.127657886,0.133898969,0.141304348,0.151462333,0.164906348,0.176250461,0.183841115,0.197373657,0.212442774,0.203265518,0.221924995,0.24235591,0.24162971,0.24208464,0.244479873,0.24369366,0.248559841,0.250991023,0.274255116,0.26312348,0.272674724,0.282538677,0.287687272,0.301240147,0.305944476,0.320180683,0.305506407,0.296229754,0.318301798,0.324081723
MutJP,0.920342046,0.908553892,0.932130201,0.069489685,0.106448191,0.12643026,0.147833314,0.153086008,0.164615385,0.170031037,0.186220042,0.208140248,0.198984796,0.213995871,0.221393699,0.227250981,0.238242782,0.237064999,0.234416585,0.252062609,0.240659214,0.261515496,0.248713631,0.25831876,0.265322262,0.268661972,0.263962375,0.266360059,0.285520373,0.298852741,0.305124755,0.287608352,0.281199673,0.291562691,0.300160698,0.288470072
MutJP,0.932297422,0.895884484,0.968710359,0.076645802,0.106739808,0.133527597,0.144353785,0.162612839,0.175380991,0.178728307,0.189712512,0.207040677,0.224326366,0.228440025,0.239435928,0.249348798,0.241702046,0.238055602,0.25442927,0.257790014,0.282457392,0.269793131,0.285921662,0.286267304,0.289183608,0.306553074,0.317722389,0.315351373,0.309085633,0.308386657,0.323814205,0.30867285,0.330958362,0.339094691,0.348269678,0.345515779
MutJP,0.921008683,0.924622485,0.91739488,0.175972192,0.199188412,0.229370739,0.260263129,0.285393996,0.293457944,0.322466375,0.299940769,0.282801486,0.303768576,0.329428763,0.304553734,0.329713315,0.331637585,0.344107779,0.358300932,0.369255033,0.352660594,0.37745208,0.372527341,0.376602606,0.376380755,0.367824308,0.376617093,0.396435794,0.401357087,0.406578706,0.383652748,0.408874761,0.414496308,0.410230798,0.423111088,0.439579815
ControlJP,1.217368886,1.186452865,1.162638552,0.292187004,0.351866065,0.402142115,0.414437428,0.447644355,0.453373134,0.46518747,0.486899968,0.499904979,0.495564123,0.491456469,0.455837034,0.485911376,0.438111204,0.449504111,0.389618756,0.390643678,0.365046227,0.370442693,0.376177349,0.363917835,0.384464178,0.388859107,0.369778552,0.373045491,0.328763891,0.359556985,0.355037354,0.350362256,0.352076296,0.384076815,0.319714786,0.31433945
ControlJP,0.883556128,0.898915057,0.877145896,0.127714838,0.318995499,0.418131809,0.478191132,0.497539612,0.537540107,0.552836485,0.585355516,0.58753757,0.581757279,0.625080283,0.623916902,0.648325605,0.639614507,0.606291661,0.671866034,0.65403379,0.69541779,0.686031332,0.69200682,0.721731317,0.731446959,0.734221281,0.702474381,0.723261631,0.695987881,0.780013948,0.741892558,0.82304655,0.783434123,0.80642521,0.801161752,0.8
ControlJP,0.839338265,0.844634089,0.84907825,0.064671559,0.221055868,0.284448901,0.292226768,0.342918417,0.350903334,0.316209035,0.3572454,0.34168439,0.34837818,0.362894567,0.386519221,0.385737228,0.40217681,0.43209333,0.398358343,0.41598659,0.423960022,0.43236855,0.481846598,0.466009898,0.438899213,0.434925654,0.465205167,0.47546111,0.46929364,0.460040512,0.5,0.49044869,0.492139758,0.474803185,0.538353782,0.499691113
ControlJP,1.328493563,1.344555741,1.297695319,0.137420237,0.252397154,0.367904569,0.386730991,0.481442591,0.537603068,0.6162763,0.702414773,0.735149315,0.777374388,0.864154041,0.928243537,0.934285081,1.018738963,1.044287286,1.079171269,1.168715361,1.200705571,1.285983771,1.326322498,1.294543795,1.417813221,1.390565003,1.514006841,1.481195,1.550723807,1.582356015,1.598817953,1.51544219,1.557040222,1.580945891,1.456656617,1.525522286
ControlJP,0.828854276,0.822628737,0.922210567,0.072837168,0.16003359,0.239807052,0.263456734,0.277454968,0.299597815,0.334607652,0.33431389,0.361245004,0.396120861,0.407130682,0.386301751,0.395271974,0.450251732,0.429569267,0.461305958,0.473856862,0.471591706,0.452684159,0.491137246,0.490605709,0.528248267,0.542149432,0.518923938,0.507091525,0.601537403,0.547193486,0.559778306,0.525383775,0.553767759,0.561037234,0.639192876,0.620596608
ControlJP,0.986558346,0.847374273,0.83538874,0.293165648,0.484987434,0.519462228,0.614939395,0.599680686,0.607032577,0.621276939,0.588847668,0.648081678,0.623978515,0.678035791,0.643366404,0.681483534,0.763771531,0.643991621,0.702539196,0.762317639,0.781674901,0.808135538,0.760604986,0.741310587,0.737427542,0.708184916,0.759216233,0.751857065,0.729588427,0.771657059,0.831654209,0.779960396,0.746202933,0.77043857,0.838622895,0.810714556
ControlJP,1.00299494,1.085446207,1.063264893,0.421224081,0.505903866,0.635695663,0.635808404,0.653262274,0.706018643,0.696657961,0.782553511,0.747723868,0.750925045,0.722693295,0.85431418,0.86124899,0.803571429,0.790675189,0.787995825,0.898005058,0.871511148,0.908010123,0.836062806,0.845593298,0.904905174,0.801155889,0.842557443,0.857088928,0.800420384,0.812205579,0.890052905,0.85081683,0.815776311,0.804624731,0.832028191,0.806770099
ControlJP,1.043734722,0.913080854,1.002091758,0.249667111,0.530333773,0.631460893,0.636285642,0.636595126,0.701751985,0.718987929,0.709018918,0.661988203,0.7302729,0.736819019,0.839932725,0.762889218,0.76984983,0.781147272,0.770303256,0.8328,0.796871715,0.778939327,0.844510338,0.778253798,0.829389589,0.793252063,0.819427913,0.832557757,0.789539989,0.808717092,0.806284112,0.811679939,0.82108141,0.887807011,0.840160737,0.826265921
ControlJP,0.50127059,0.538469197,0.476972154,0.124524971,0.254112877,0.347095523,0.311987985,0.358365431,0.389661886,0.431480166,0.444015909,0.46856189,0.455811358,0.457215649,0.472887324,0.470603374,0.556307758,0.525206029,0.505091301,0.510083705,0.495250421,0.499337,0.564921361,0.520568419,0.505158894,0.48459216,0.531246822,0.511416178,0.524304621,0.554675,0.521311396,0.471029482,0.523198858,0.492868617,0.490095628,0.564598119
ControlJP,1.093589186,1.085154309,1.047910434,0.128040565,0.234351803,0.281474756,0.289440161,0.31992523,0.347542143,0.336646738,0.323138205,0.327346331,0.359905398,0.378416815,0.340489451,0.345686042,0.374421174,0.368831727,0.403658883,0.373044332,0.409205119,0.375778155,0.426830418,0.424077024,0.462425236,0.454137721,0.418229935,0.453504011,0.489991227,0.458005029,0.470013599,0.517507785,0.501719103,0.552394001,0.497911866,0.574141384
ControlJP,0.721185064,0.708112546,0.734257583,0.183862728,0.281547521,0.332107773,0.392410401,0.34774545,0.41555994,0.451540733,0.448624652,0.429941297,0.449627426,0.412305476,0.480284824,0.49547295,0.475612529,0.471855377,0.547241977,0.454361686,0.515531255,0.580128501,0.477877365,0.606861296,0.574186166,0.516324279,0.519900948,0.586104327,0.599495226,0.677311867,0.748127928,0.749013842,0.71103688,0.646762854,0.724207221,0.773421877
ControlJP,1.068343376,1.068343376,1.068343376,0.069997157,0.09929627,0.114639601,0.133255386,0.141371567,0.144546649,0.145441057,0.158575142,0.179965921,0.169874327,0.202145955,0.198096543,0.21678922,0.215869397,0.214571188,0.212359468,0.227787178,0.229542379,0.236587183,0.24001752,0.229707083,0.245121725,0.245966066,0.248161901,0.251676972,0.259303993,0.239254272,0.244216326,0.253637541,0.271862899,0.25741933,0.289848433,0.286173754
ControlJP,0.809102863,0.846850613,0.771355113,0.233954848,0.41683159,0.526046835,0.587470215,0.591155143,0.592140921,0.655051945,0.619197345,0.634547591,0.702247444,0.629130523,0.639753635,0.645703638,0.670840713,0.657259315,0.720109485,0.661960064,0.70056878,0.779469354,0.759483389,0.812255486,0.729726567,0.788709414,0.866533953,0.761325503,0.738794989,0.670986701,0.733738314,0.768733458,0.759622938,0.747263246,0.736697142,0.742651446
ControlJP,1.11597283,1.071888911,1.160056749,0.308532816,0.501500346,0.784900074,0.72045134,0.730736423,0.804532363,0.746052967,0.928773552,0.86290054,0.803311301,0.779265059,0.627916895,0.7257266,0.876325305,0.853583966,0.940625189,0.922821679,0.90500381,0.843183249,1.002635741,1.023337149,0.946754883,0.963456651,0.845127926,0.898616978,1.036810192,0.891231897,0.937102209,0.956147841,0.898502931,0.976664737,1.022888405,0.970823555
ControlJP,0.902578383,0.930290456,0.87486631,0.335545653,0.466183778,0.560325031,0.715622242,0.682235634,0.709774314,0.782636656,0.573930782,0.69875,0.800560448,0.69972752,0.931530899,0.746873188,0.83892829,0.73803161,0.944603551,1.040776699,0.914728682,1.010987412,0.972360375,1.096113074,0.946227024,0.881714914,1.037171747,0.884143671,0.857990992,0.91614317,0.860670194,0.850144661,0.937986187,0.955435747,1.098990737,0.997012968
ControlJP,1.050385213,1.050385213,1.050385213,0.118397939,0.146349561,0.179695932,0.232784906,0.219138927,0.214981125,0.248354694,0.233993792,0.261509423,0.259687089,0.277227429,0.280043678,0.292233644,0.295237537,0.312307782,0.303647646,0.311823353,0.363044287,0.332387057,0.338983051,0.335428191,0.356647138,0.360580012,0.342785577,0.364624744,0.370329979,0.3717914,0.412203579,0.364983927,0.403436683,0.381119201,0.42452744,0.394016291
MutLA,0.9332491,0.902603664,1.007539293,0.26904946,0.296988528,0.304051011,0.341714976,0.334914204,0.339557646,0.352193854,0.356495115,0.380151429,0.401754981,0.400691134,0.390656064,0.415055058,0.432352941,0.380863039,0.395361211,0.43316542,0.403393025,0.41090555,0.413495394,0.419783632,0.410962177,0.378130713,0.376336406,0.416666667,0.396336862,0.397301661,0.39009009,0.397931645,0.397520143,0.401356436,0.407056859,0.410491411
MutLA,0.860972089,0.904242916,0.925554686,0.241574678,0.308750161,0.311548955,0.351201072,0.358116203,0.37186105,0.381080222,0.396653998,0.41503233,0.432848543,0.434060376,0.427029066,0.449257652,0.508091395,0.454465499,0.482858639,0.443724197,0.461805212,0.48652753,0.487425243,0.458644704,0.478086244,0.482476449,0.497870346,0.50129305,0.515656966,0.507663528,0.494772295,0.451204484,0.460300081,0.469779648,0.469779648,0.469779648
MutLA,0.810141248,0.868359346,0.843653954,0.086526775,0.089886831,0.095741339,0.111460137,0.116853252,0.123013894,0.126159453,0.15729176,0.164665282,0.166501346,0.170667328,0.175443618,0.175463087,0.18861928,0.183567991,0.186235696,0.161953527,0.197208423,0.198343457,0.193732087,0.192460579,0.206703808,0.212973371,0.218465682,0.23024237,0.22766291,0.23,0.228019253,0.239921374,0.241335494,0.243334831,0.2393903,0.230759101
MutLA,1.048385719,1.029710578,0.993765335,0.098807866,0.169584982,0.176962209,0.161748391,0.206842586,0.224106956,0.241890134,0.303206626,0.346245158,0.292696952,0.368648374,0.439492572,0.356719328,0.356391918,0.423208905,0.425702193,0.371124031,0.450681451,0.442822207,0.443452705,0.443381527,0.604204642,0.512632735,0.522406813,0.59150009,0.52244449,0.575814514,0.569391076,0.646971465,0.578199052,0.626520556,0.622046722,0.629715506
MutLA,1.019630329,1.007894677,0.999196966,0.148709813,0.187879331,0.222621663,0.228858611,0.242079989,0.274196382,0.276807163,0.285444947,0.317699865,0.31709733,0.31410229,0.334074338,0.355085906,0.323331093,0.351693386,0.35934243,0.364014561,0.367118419,0.381912088,0.351515417,0.364901473,0.374332697,0.396158543,0.377815088,0.389262363,0.398246004,0.387115609,0.423995876,0.413481343,0.425931523,0.409945408,0.403747,0.399762908
MutLA,1.058400111,1.040450315,1.017620713,0.187960057,0.24654917,0.249945878,0.29576598,0.302169806,0.309770304,0.309294557,0.344737867,0.35598186,0.366093068,0.404888898,0.37566642,0.390099243,0.354274429,0.36260894,0.370821926,0.385240642,0.415170725,0.380803563,0.404951336,0.392124947,0.419106588,0.433653511,0.454081329,0.443892638,0.394611787,0.426425022,0.453454969,0.475432758,0.457559025,0.457885147,0.495595518,0.470107886
MutLA,1.690631808,1.704137485,1.588783929,0.320754717,0.38470665,0.458550895,0.470495351,0.517861354,0.506135342,0.506081349,0.520342734,0.648048372,0.650769786,0.57881053,0.680640823,0.64335583,0.76477738,0.645005807,0.671913511,0.766118913,0.716681223,0.759249362,0.742565748,0.756430539,0.721619243,0.730342276,0.735454912,0.765363766,0.749687678,0.748132656,0.771101908,0.790163934,0.779422525,0.78774822,0.807556856,0.875792225
MutLA,1.274503968,1.206780638,1.225350728,0.141694087,0.18352548,0.227605653,0.233508755,0.2443074,0.267493764,0.285719152,0.305981698,0.299027923,0.318759781,0.320826572,0.335476135,0.342017906,0.351326747,0.371096537,0.379628697,0.396628757,0.373526474,0.380131419,0.392106307,0.409740708,0.40774578,0.427099416,0.407828368,0.416947007,0.418080198,0.416381459,0.433209872,0.447680508,0.438506338,0.450287762,0.429106829,0.468944099
MutLA,0.828122515,0.840034856,0.806986022,0.103102875,0.154775254,0.174834607,0.1726467,0.189499095,0.194118955,0.221781637,0.217610899,0.221644688,0.222539799,0.241428664,0.24481205,0.270743944,0.28862964,0.271147355,0.275121026,0.309256897,0.324808184,0.307590197,0.296829874,0.294957336,0.298576123,0.300452287,0.29290429,0.302291321,0.307313916,0.312026173,0.306478873,0.320844225,0.310989498,0.31621562,0.323588841,0.331372363
MutLA,1.358246034,1.347214375,1.369277693,0.250974713,0.256524217,0.32129138,0.306506066,0.307047917,0.32735221,0.327101525,0.311670943,0.335905201,0.380395216,0.353250863,0.398795385,0.378584166,0.389869597,0.419057347,0.413489313,0.411465893,0.398461881,0.439544808,0.435823141,0.463316214,0.434151056,0.444379698,0.48954479,0.480255241,0.514136126,0.508554148,0.515560009,0.537680083,0.56448079,0.522606383,0.492522617,0.569329604
MutLA,0.987942216,0.9860646,0.989819833,0.14562774,0.176016741,0.213423981,0.219830255,0.24278747,0.24696768,0.239828413,0.25731329,0.26056653,0.284870195,0.291709448,0.313794421,0.282538204,0.292254439,0.297113947,0.330825026,0.314393656,0.322865701,0.355564756,0.356335351,0.371524703,0.373752582,0.376461295,0.356438258,0.394301822,0.387164438,0.42894254,0.389253371,0.419874403,0.428148178,0.42912597,0.440360216,0.43520767
MutLA,0.779914844,0.748780488,0.8110492,0.110159174,0.144307916,0.15616369,0.162684666,0.158354642,0.153383823,0.176789638,0.191608997,0.180921503,0.195947329,0.195566221,0.214788576,0.196941192,0.214640059,0.209498966,0.209590567,0.23561376,0.230034265,0.228362473,0.253474504,0.240718786,0.241972559,0.260254263,0.235146022,0.246122051,0.229111893,0.289825035,0.2507249,0.266148605,0.257755485,0.27213185,0.270858669,0.252051528
MutLA,1.011454217,0.980664433,1.042244001,0.111387758,0.12628415,0.138734493,0.136329033,0.155323532,0.156349645,0.179942289,0.191763298,0.177478353,0.178260168,0.2284934,0.221824836,0.225967175,0.224608121,0.231073158,0.227890105,0.214624581,0.244930494,0.249745511,0.247453565,0.250560007,0.245408774,0.28657934,0.285548474,0.269657912,0.281510969,0.293411133,0.297288594,0.29835391,0.29596742,0.30876417,0.31041627,0.303268791
MutLA,0.969558236,0.977855931,0.961260542,0.148555366,0.195662415,0.205016014,0.240240028,0.23914136,0.253294915,0.261653156,0.2787891,0.286579304,0.291415452,0.302246182,0.313678913,0.323387185,0.324321429,0.332113843,0.321104961,0.329292077,0.33549066,0.33310585,0.324861152,0.344993425,0.374136826,0.380918313,0.369710586,0.351203847,0.38149911,0.373188078,0.381364369,0.414859002,0.376624536,0.416796296,0.414147251,0.39711126
MutLA,0.959651843,0.976824121,0.942479565,0.366583846,0.401640869,0.418924569,0.443289938,0.442592885,0.487605563,0.476873744,0.48326837,0.486243875,0.465702625,0.499343189,0.492734701,0.485320989,0.485754778,0.53952528,0.500098344,0.510931223,0.540194847,0.552074832,0.542297847,0.589953448,0.575482963,0.575916905,0.605179771,0.595720168,0.564744646,0.551365959,0.60335901,0.579119603,0.568110389,0.573823689,0.545249558,0.53025996
MutLA,1.129364862,1.099964684,1.15876504,0.145885591,0.193764444,0.221996771,0.233882426,0.236334259,0.277551824,0.278104045,0.268112958,0.311938438,0.32023296,0.325590996,0.312772441,0.335067034,0.370018373,0.382804504,0.385253829,0.38541534,0.397424142,0.391464251,0.390123943,0.400384649,0.42677869,0.428489362,0.43890467,0.462479288,0.465522901,0.455259298,0.440426317,0.478136106,0.484173505,0.4583154,0.448579802,0.477881257
MutLA,1.292747096,1.242241646,1.343252546,0.446549076,0.493907066,0.498964337,0.518095874,0.569905942,0.545717593,0.577674873,0.595062798,0.584400929,0.595296211,0.646636279,0.622238519,0.644400195,0.653232187,0.670670067,0.680864168,0.64163225,0.70133733,0.660953632,0.696391256,0.677765353,0.71207339,0.708287143,0.678434787,0.690166674,0.720152572,0.770827335,0.735957427,0.740189732,0.75011313,0.71127505,0.761581297,0.779578795
ControlLA,1.30868998,1.341810234,1.333961979,0.083600215,0.13396659,0.175073723,0.227751124,0.225791411,0.268301191,0.296963523,0.349447479,0.348504489,0.396608596,0.417218072,0.421138327,0.475074336,0.491263617,0.540564437,0.551396844,0.55918311,0.579633569,0.604522625,0.629813409,0.649647809,0.686030273,0.669391847,0.706534866,0.758971442,0.765208347,0.781101942,0.793190416,0.832111568,0.8405,0.852752159,0.905042733,0.925262114
ControlLA,1.237673397,1.279957657,1.265649036,0.040966188,0.071337521,0.089426054,0.103726708,0.121006591,0.116224576,0.129833922,0.139044339,0.1522467,0.157218297,0.180371555,0.200744648,0.196743414,0.187986297,0.21603009,0.202681239,0.213530985,0.206342187,0.215254192,0.251565733,0.220837448,0.228627472,0.2048267,0.248163243,0.257858478,0.282122597,0.267015567,0.275933154,0.260384312,0.267211233,0.278193256,0.305102822,0.312617132
ControlLA,1.068601824,1.043627392,1.094567901,0.039143398,0.08085499,0.112441161,0.131482403,0.164723544,0.170637154,0.185963521,0.209947538,0.20726372,0.218726968,0.218898795,0.23143179,0.251295337,0.245876037,0.253490906,0.276126366,0.281925885,0.280436975,0.284803922,0.288450397,0.298633373,0.310708689,0.311754916,0.31545086,0.329392707,0.353916186,0.313859602,0.333932646,0.365999499,0.351619718,0.36523756,0.370877802,0.365692675
ControlLA,1.426982574,1.422915902,1.365934418,0.036235682,0.065536137,0.087156486,0.107810825,0.118838804,0.126189475,0.145892187,0.143809378,0.175991224,0.180525803,0.195115945,0.201996868,0.229534814,0.234338656,0.240497827,0.245299766,0.248186009,0.247221448,0.273114715,0.26597898,0.307227933,0.284512829,0.302675307,0.304625071,0.319208806,0.300949914,0.354518201,0.337241292,0.367057505,0.376964689,0.375388811,0.362489796,0.35466678
ControlLA,0.859385125,0.843182945,0.920616591,0.127162238,0.187651599,0.209348531,0.194258554,0.244581507,0.309559026,0.284672719,0.296909362,0.306369729,0.39151355,0.358242066,0.370627356,0.397840163,0.41463357,0.361196421,0.460069243,0.414282193,0.43303761,0.461869884,0.411280846,0.447545628,0.469862003,0.478449811,0.463147279,0.515953564,0.451629956,0.453707368,0.463388191,0.461396728,0.440215522,0.511516969,0.515722256,0.512980737
ControlLA,1.148097007,1.238223002,1.245909806,0.113312451,0.173369689,0.216384456,0.254181526,0.26502622,0.306498262,0.301647493,0.30886076,0.31803114,0.364599052,0.359228537,0.386252976,0.380541641,0.397393974,0.394944119,0.409893617,0.433399172,0.420832048,0.415779309,0.443114524,0.428264078,0.4371368,0.428380684,0.447984868,0.467236746,0.45706007,0.475196476,0.492317055,0.480206878,0.483738941,0.463413453,0.503545398,0.44610563
ControlLA,0.810493464,0.915259407,0.822235733,0.089543938,0.158345452,0.218541835,0.236310915,0.235800123,0.224073024,0.307264933,0.284730979,0.251655629,0.263632893,0.288850262,0.296369672,0.282755637,0.299500473,0.348893009,0.326755198,0.303329557,0.295000883,0.327179297,0.333255239,0.324108958,0.337718358,0.343399785,0.308083259,0.347527215,0.357004269,0.320532251,0.404483049,0.381409027,0.406998573,0.392018122,0.417662979,0.419385179
ControlLA,0.913562228,0.962924033,0.913116605,0.10753176,0.177351648,0.179499258,0.218786961,0.213503215,0.228954511,0.231646942,0.257746446,0.271386768,0.271286506,0.285016675,0.334581025,0.314941305,0.355546133,0.314758293,0.337323331,0.303229475,0.353084068,0.366314606,0.373458589,0.379442163,0.361094879,0.340625767,0.414883527,0.413673532,0.396480355,0.350911197,0.341967199,0.378156623,0.389027768,0.421234145,0.396054869,0.376527041
ControlLA,0.96788639,0.963810266,0.924959217,0.10795132,0.174865262,0.234109372,0.239760289,0.293988365,0.280378177,0.285222431,0.284455934,0.324187165,0.326296926,0.389047606,0.350685001,0.38805544,0.385835174,0.363924779,0.37775034,0.401826602,0.390759025,0.428883312,0.452798685,0.431570069,0.392831239,0.459487805,0.462783737,0.460502763,0.453928665,0.485479672,0.466537535,0.467337051,0.478850257,0.477095192,0.482710583,0.495572898
ControlLA,0.858141784,0.804748955,0.774897525,0.070868296,0.133648428,0.150556031,0.170924476,0.192114617,0.204968375,0.187994094,0.208609029,0.217436334,0.224852517,0.218845723,0.235726854,0.233269775,0.259830348,0.242859013,0.242271128,0.279400779,0.260737793,0.272358102,0.285937199,0.295012966,0.281829372,0.297581836,0.296424885,0.308202665,0.282959064,0.321979509,0.302425384,0.316272399,0.305590505,0.320448026,0.316068818,0.34375
ControlLA,1.638729477,1.649030593,1.656892137,0.140147,0.227320467,0.251815248,0.284329354,0.345508747,0.352234471,0.358446088,0.379679835,0.415502593,0.39376805,0.420448214,0.445385079,0.457044234,0.456107476,0.478258083,0.462254363,0.480448375,0.495546612,0.548214402,0.509293566,0.52486083,0.532338467,0.54185356,0.559744283,0.561477949,0.561510861,0.596233895,0.582056825,0.60104096,0.606132453,0.570659447,0.628050703,0.574374215
ControlLA,1.263773222,1.263773222,1.263773222,0.12528837,0.171232651,0.197637346,0.231552002,0.258792668,0.267499283,0.26821936,0.276619201,0.297525982,0.282440144,0.307570528,0.302775363,0.275906889,0.279983019,0.318263958,0.319519899,0.381423826,0.345193877,0.402186305,0.401781706,0.428448861,0.419526847,0.430453518,0.450244407,0.455256363,0.452265285,0.41770305,0.431383982,0.435719373,0.476670085,0.476614616,0.500036534,0.504526141
ControlLA,0.888218727,0.901388503,0.875048952,0.084147219,0.117482951,0.145107497,0.186991002,0.188541477,0.213155127,0.223113342,0.231932172,0.278658042,0.275964237,0.300559217,0.328085995,0.321094148,0.37265846,0.363823174,0.41731579,0.389475029,0.387079511,0.387138054,0.400215646,0.416010834,0.449527249,0.405754796,0.420803276,0.441394729,0.482269504,0.462454674,0.500848773,0.486486487,0.50811304,0.50501617,0.518161957,0.518966313
ControlLA,1.315226561,1.340205052,1.390675782,0.067734352,0.121915898,0.155555556,0.148630621,0.199799496,0.208152669,0.233956788,0.241970714,0.242746307,0.297177533,0.284046471,0.304269626,0.301888886,0.322189991,0.336034397,0.331918061,0.333467684,0.357079734,0.374618826,0.411504555,0.411500939,0.443174303,0.460857998,0.467913204,0.520323708,0.49767493,0.486959167,0.50109264,0.50109264,0.50109264,0.50109264,0.50109264,0.50109264
ControlLA,0.870030333,0.887700828,0.871025762,0.168333899,0.223059574,0.225490463,0.260143627,0.246077839,0.284646721,0.255144562,0.303496883,0.28555204,0.314488716,0.318555521,0.334110354,0.354229386,0.349413611,0.351913157,0.361788725,0.328810076,0.391018959,0.392243427,0.344882475,0.362453826,0.364049248,0.362541717,0.399525187,0.400193933,0.400027189,0.406936823,0.37715614,0.433087809,0.43534132,0.440346528,0.445372111,0.416415539
ControlLA,1.217298265,1.269384524,1.24090025,0.096350897,0.152523775,0.206410899,0.215025805,0.269237006,0.264615511,0.284234163,0.30156168,0.333821928,0.362613195,0.345522912,0.358213781,0.355355028,0.351551381,0.390702479,0.392816186,0.385532625,0.409859796,0.435848496,0.411117497,0.448113998,0.449250897,0.461898537,0.446517959,0.435791398,0.446663503,0.481744156,0.473349716,0.49617025,0.495262816,0.507022348,0.45817733,0.531353728
ControlLA,1.245892288,1.227733239,1.264051336,0.127864323,0.203957671,0.252964427,0.287835762,0.289031527,0.320281798,0.345140869,0.330865577,0.351721137,0.361592419,0.44287815,0.447897623,0.418698601,0.39786952,0.42312405,0.430594355,0.423970108,0.449598884,0.471938776,0.463144379,0.471766591,0.497186362,0.438557545,0.500240616,0.462779096,0.514482431,0.491724403,0.501948082,0.526210951,0.480698883,0.457309064,0.481164042,0.506031157
ControlLA,0.665682768,0.657676851,0.673688685,0.069435305,0.138001326,0.161894859,0.178146715,0.192246696,0.221100327,0.198317117,0.233315123,0.240589123,0.226801266,0.274345271,0.273465084,0.313619593,0.2986548,0.322342494,0.31009567,0.322405922,0.333619753,0.318857761,0.33857363,0.33847342,0.345902772,0.340144293,0.362072907,0.353992406,0.369843203,0.354614444,0.345988574,0.366457697,0.366159154,0.384639328,0.362116137,0.364283929
ControlLA,1.088676497,1.082226585,1.095126409,0.093702726,0.171457906,0.178453105,0.231995789,0.263140984,0.274472409,0.300383142,0.289092531,0.312203961,0.309132833,0.323418771,0.30914519,0.339417686,0.336748613,0.347202469,0.36989425,0.381048066,0.37469992,0.3553159,0.360206426,0.374649145,0.385840374,0.400879695,0.362936142,0.434722363,0.434198197,0.429520788,0.421362763,0.420963066,0.445681613,0.446078268,0.455613319,0.422843217
